[
  {
    "id": "91a7c137-9016-41e1-98d2-d1d6aa6476b9",
    "data": [
      {
        "text": "I\u0027m super ",
        "userDefined": false
      },
      {
        "text": "sad",
        "meta": "@Sad",
        "alias": "Sad",
        "userDefined": true
      }
    ],
    "isTemplate": false,
    "count": 0,
    "lang": "en",
    "updated": 0
  },
  {
    "id": "b07ff7f5-f85e-45c2-a37a-81fdb8b642ba",
    "data": [
      {
        "text": "I\u0027m ",
        "userDefined": false
      },
      {
        "text": "sad",
        "meta": "@Sad",
        "alias": "Sad",
        "userDefined": true
      }
    ],
    "isTemplate": false,
    "count": 0,
    "lang": "en",
    "updated": 0
  },
  {
    "id": "3e087f4e-61c3-4946-98d1-57827f79e270",
    "data": [
      {
        "text": "sad",
        "meta": "@Sad",
        "alias": "Sad",
        "userDefined": true
      }
    ],
    "isTemplate": false,
    "count": 0,
    "lang": "en",
    "updated": 0
  },
  {
    "id": "a67c1406-4e26-40d2-b4f8-bd017317d783",
    "data": [
      {
        "text": "I am very ",
        "userDefined": false
      },
      {
        "text": "sad",
        "meta": "@Sad",
        "alias": "Sad",
        "userDefined": true
      }
    ],
    "isTemplate": false,
    "count": 0,
    "lang": "en",
    "updated": 0
  },
  {
    "id": "56fa399e-8081-41cc-b287-89358214e9be",
    "data": [
      {
        "text": "I\u0027m feeling ",
        "userDefined": false
      },
      {
        "text": "sad",
        "meta": "@Sad",
        "alias": "Sad",
        "userDefined": true
      }
    ],
    "isTemplate": false,
    "count": 0,
    "lang": "en",
    "updated": 0
  }
]